year,disease,avg_incidence_rate
1980.0,DIPHTHERIA,19.72
1980.0,MEASLES,3260.15
1980.0,NTETANUS,0.2
1980.0,PERTUSSIS,781.01
1980.0,TTETANUS,40.97
1980.0,YFEVER,1.39
1981.0,DIPHTHERIA,11.01
1981.0,MEASLES,2390.22
1981.0,NTETANUS,0.19
1981.0,PERTUSSIS,649.2
1981.0,TTETANUS,33.35
1981.0,YFEVER,3.47
1982.0,DIPHTHERIA,11.42
1982.0,MEASLES,2261.03
1982.0,NTETANUS,0.27
1982.0,PERTUSSIS,568.37
1982.0,TTETANUS,37.98
1982.0,YFEVER,3.4
1983.0,DIPHTHERIA,8.22
1983.0,MEASLES,1956.87
1983.0,NTETANUS,0.23
1983.0,PERTUSSIS,395.39
1983.0,TTETANUS,29.12
1983.0,YFEVER,9.95
1984.0,DIPHTHERIA,8.43
1984.0,MEASLES,1717.09
1984.0,NTETANUS,0.22
1984.0,PERTUSSIS,419.51
1984.0,TTETANUS,25.92
1984.0,YFEVER,1.87
1985.0,DIPHTHERIA,7.93
1985.0,MEASLES,1985.52
1985.0,NTETANUS,0.26
1985.0,PERTUSSIS,386.74
1985.0,TTETANUS,34.67
1985.0,YFEVER,1.81
1986.0,DIPHTHERIA,4.31
1986.0,MEASLES,1103.99
1986.0,NTETANUS,0.3
1986.0,PERTUSSIS,237.25
1986.0,TTETANUS,22.31
1986.0,YFEVER,4.22
1987.0,DIPHTHERIA,3.77
1987.0,MEASLES,1186.13
1987.0,NTETANUS,0.26
1987.0,PERTUSSIS,187.43
1987.0,TTETANUS,19.44
1987.0,YFEVER,8.33
1988.0,DIPHTHERIA,3.41
1988.0,MEASLES,869.71
1988.0,NTETANUS,0.2
1988.0,PERTUSSIS,124.73
1988.0,TTETANUS,22.45
1988.0,YFEVER,7.78
1989.0,DIPHTHERIA,5.11
1989.0,MEASLES,1550.65
1989.0,NTETANUS,0.22
1989.0,PERTUSSIS,145.86
1989.0,TTETANUS,17.65
1989.0,YFEVER,5.05
1990.0,DIPHTHERIA,2.07
1990.0,MEASLES,714.22
1990.0,NTETANUS,0.22
1990.0,PERTUSSIS,240.16
1990.0,TTETANUS,15.76
1990.0,YFEVER,6.64
1991.0,DIPHTHERIA,40.75
1991.0,MEASLES,743.29
1991.0,NTETANUS,0.11
1991.0,PERTUSSIS,125.65
1991.0,TTETANUS,8.47
1991.0,YFEVER,3.15
1992.0,DIPHTHERIA,4.36
1992.0,MEASLES,805.0
1992.0,NTETANUS,0.1
1992.0,PERTUSSIS,110.26
1992.0,TTETANUS,7.86
1992.0,YFEVER,0.85
1993.0,DIPHTHERIA,2.92
1993.0,MEASLES,507.44
1993.0,NTETANUS,0.1
1993.0,PERTUSSIS,64.45
1993.0,TTETANUS,8.19
1993.0,YFEVER,0.98
1994.0,DIPHTHERIA,8.66
1994.0,MEASLES,390.56
1994.0,NTETANUS,0.08
1994.0,PERTUSSIS,83.19
1994.0,TTETANUS,6.7
1994.0,YFEVER,4.22
1995.0,DIPHTHERIA,12.28
1995.0,MEASLES,319.69
1995.0,NTETANUS,0.06
1995.0,PERTUSSIS,64.3
1995.0,TTETANUS,3.74
1995.0,YFEVER,12.09
1996.0,DIPHTHERIA,5.58
1996.0,MEASLES,325.46
1996.0,NTETANUS,0.05
1996.0,PERTUSSIS,71.59
1996.0,TTETANUS,3.45
1996.0,YFEVER,1.32
1997.0,CRS,3.62
1997.0,DIPHTHERIA,2.72
1997.0,MEASLES,506.56
1997.0,NTETANUS,0.05
1997.0,PERTUSSIS,86.73
1997.0,RUBELLA,192.46
1997.0,TTETANUS,4.64
1997.0,YFEVER,0.27
1998.0,CRS,0.78
1998.0,DIPHTHERIA,2.26
1998.0,MEASLES,249.02
1998.0,NTETANUS,0.36
1998.0,PERTUSSIS,148.5
1998.0,RUBELLA,162.44
1998.0,TTETANUS,13.36
1998.0,YFEVER,0.29
1999.0,CRS,0.62
1999.0,DIPHTHERIA,2.45
1999.0,MEASLES,288.11
1999.0,MUMPS,1007.22
1999.0,NTETANUS,0.08
1999.0,PERTUSSIS,48.22
1999.0,RUBELLA,256.89
1999.0,TTETANUS,4.27
1999.0,YFEVER,0.17
2000.0,CRS,0.11
2000.0,DIPHTHERIA,1.38
2000.0,MEASLES,215.03
2000.0,MUMPS,352.05
2000.0,NTETANUS,0.36
2000.0,PERTUSSIS,44.56
2000.0,POLIO,2.5
2000.0,RUBELLA,164.63
2000.0,TTETANUS,12.04
2000.0,YFEVER,0.94
2001.0,CRS,0.06
2001.0,DIPHTHERIA,1.15
2001.0,MEASLES,232.39
2001.0,MUMPS,296.65
2001.0,NTETANUS,0.34
2001.0,PERTUSSIS,46.04
2001.0,POLIO,0.07
2001.0,RUBELLA,144.68
2001.0,TTETANUS,11.46
2001.0,YFEVER,0.65
2002.0,CRS,0.01
2002.0,DIPHTHERIA,1.05
2002.0,JAPENC,0.8
2002.0,MEASLES,174.62
2002.0,MUMPS,190.08
2002.0,NTETANUS,0.06
2002.0,PERTUSSIS,33.13
2002.0,POLIO,0.07
2002.0,RUBELLA,133.92
2002.0,TTETANUS,4.28
2002.0,YFEVER,0.54
2003.0,CRS,0.03
2003.0,DIPHTHERIA,1.04
2003.0,JAPENC,0.6
2003.0,MEASLES,263.33
2003.0,MUMPS,148.17
2003.0,NTETANUS,0.04
2003.0,PERTUSSIS,27.79
2003.0,POLIO,0.13
2003.0,RUBELLA,306.21
2003.0,TTETANUS,2.46
2003.0,YFEVER,0.6
2004.0,CRS,0.07
2004.0,DIPHTHERIA,0.38
2004.0,JAPENC,0.6
2004.0,MEASLES,122.01
2004.0,MUMPS,138.6
2004.0,NTETANUS,0.03
2004.0,PERTUSSIS,59.1
2004.0,POLIO,0.3
2004.0,RUBELLA,69.48
2004.0,TTETANUS,2.74
2004.0,YFEVER,0.24
2005.0,CRS,0.01
2005.0,DIPHTHERIA,0.83
2005.0,JAPENC,1.2
2005.0,MEASLES,87.03
2005.0,MUMPS,283.91
2005.0,NTETANUS,0.03
2005.0,PERTUSSIS,37.63
2005.0,POLIO,0.56
2005.0,RUBELLA,51.24
2005.0,TTETANUS,2.21
2005.0,YFEVER,0.38
2006.0,CRS,0.03
2006.0,DIPHTHERIA,0.27
2006.0,JAPENC,0.24
2006.0,MEASLES,34.92
2006.0,MUMPS,256.07
2006.0,NTETANUS,0.03
2006.0,PERTUSSIS,33.73
2006.0,POLIO,0.3
2006.0,RUBELLA,55.26
2006.0,TTETANUS,2.62
2006.0,YFEVER,0.43
2007.0,CRS,0.01
2007.0,DIPHTHERIA,0.18
2007.0,JAPENC,0.56
2007.0,MEASLES,20.71
2007.0,MUMPS,309.29
2007.0,NTETANUS,0.01
2007.0,PERTUSSIS,30.07
2007.0,POLIO,0.1
2007.0,RUBELLA,29.9
2007.0,TTETANUS,2.19
2007.0,YFEVER,0.04
2008.0,CRS,0.03
2008.0,DIPHTHERIA,0.24
2008.0,JAPENC,0.63
2008.0,MEASLES,17.7
2008.0,MUMPS,158.49
2008.0,NTETANUS,0.01
2008.0,PERTUSSIS,32.08
2008.0,POLIO,0.2
2008.0,RUBELLA,129.28
2008.0,TTETANUS,2.24
2008.0,YFEVER,0.27
2009.0,CRS,0.54
2009.0,DIPHTHERIA,0.17
2009.0,JAPENC,0.38
2009.0,MEASLES,49.09
2009.0,MUMPS,101.92
2009.0,NTETANUS,0.01
2009.0,PERTUSSIS,39.03
2009.0,POLIO,0.5
2009.0,RUBELLA,135.03
2009.0,TTETANUS,2.02
2009.0,YFEVER,0.07
2010.0,CRS,0.13
2010.0,DIPHTHERIA,0.18
2010.0,JAPENC,0.34
2010.0,MEASLES,101.52
2010.0,MUMPS,179.62
2010.0,NTETANUS,0.02
2010.0,PERTUSSIS,40.42
2010.0,POLIO,2.3
2010.0,RUBELLA,9.18
2010.0,TTETANUS,1.59
2010.0,YFEVER,0.18
2011.0,CRS,0.02
2011.0,DIPHTHERIA,0.18
2011.0,JAPENC,0.24
2011.0,MEASLES,50.54
2011.0,MUMPS,149.11
2011.0,NTETANUS,0.02
2011.0,PERTUSSIS,49.63
2011.0,POLIO,0.29
2011.0,RUBELLA,10.2
2011.0,TTETANUS,1.92
2011.0,YFEVER,1.28
2012.0,CRS,0.07
2012.0,DIPHTHERIA,0.29
2012.0,JAPENC,0.66
2012.0,MEASLES,42.45
2012.0,MUMPS,94.7
2012.0,NTETANUS,0.01
2012.0,PERTUSSIS,55.95
2012.0,POLIO,0.06
2012.0,RUBELLA,12.55
2012.0,TTETANUS,1.73
2012.0,YFEVER,0.19
2013.0,CRS,0.03
2013.0,DIPHTHERIA,0.24
2013.0,JAPENC,0.27
2013.0,MEASLES,40.86
2013.0,MUMPS,61.84
2013.0,NTETANUS,0.01
2013.0,PERTUSSIS,41.84
2013.0,POLIO,0.25
2013.0,RUBELLA,13.77
2013.0,TTETANUS,1.86
2013.0,TYPHOID,1.7
2013.0,YFEVER,0.05
2014.0,CRS,0.03
2014.0,DIPHTHERIA,0.4
2014.0,JAPENC,0.99
2014.0,MEASLES,46.04
2014.0,MUMPS,35.69
2014.0,NTETANUS,0.01
2014.0,PERTUSSIS,39.72
2014.0,POLIO,11.9
2014.0,RUBELLA,7.83
2014.0,TTETANUS,1.4
2014.0,TYPHOID,2.8
2014.0,YFEVER,0.02
2015.0,CRS,0.03
2015.0,DIPHTHERIA,0.74
2015.0,JAPENC,0.79
2015.0,MEASLES,82.49
2015.0,MUMPS,139.84
2015.0,NTETANUS,0.01
2015.0,PERTUSSIS,40.96
2015.0,POLIO,0.05
2015.0,RUBELLA,4.71
2015.0,TTETANUS,1.64
2015.0,TYPHOID,2.8
2015.0,YFEVER,0.03
2016.0,CRS,0.01
2016.0,DIPHTHERIA,0.88
2016.0,JAPENC,0.55
2016.0,MEASLES,73.86
2016.0,MUMPS,86.39
2016.0,NTETANUS,0.01
2016.0,PERTUSSIS,42.51
2016.0,POLIO,0.01
2016.0,RUBELLA,2.73
2016.0,TTETANUS,1.89
2016.0,TYPHOID,3.1
2016.0,YFEVER,0.28
2017.0,CRS,0.03
2017.0,DIPHTHERIA,0.59
2017.0,JAPENC,0.38
2017.0,MEASLES,44.22
2017.0,MUMPS,85.49
2017.0,NTETANUS,0.01
2017.0,PERTUSSIS,36.11
2017.0,POLIO,0.07
2017.0,RUBELLA,2.61
2017.0,TTETANUS,1.34
2017.0,TYPHOID,3.0
2017.0,YFEVER,0.04
2018.0,CRS,0.02
2018.0,DIPHTHERIA,0.94
2018.0,JAPENC,0.19
2018.0,MEASLES,53.34
2018.0,MUMPS,88.51
2018.0,NTETANUS,0.01
2018.0,PERTUSSIS,44.17
2018.0,POLIO,0.07
2018.0,RUBELLA,2.26
2018.0,TTETANUS,2.41
2018.0,TYPHOID,10.02
2018.0,YFEVER,0.31
2019.0,CRS,0.02
2019.0,DIPHTHERIA,1.27
2019.0,JAPENC,0.47
2019.0,MEASLES,287.37
2019.0,MUMPS,78.78
2019.0,NTETANUS,0.01
2019.0,PERTUSSIS,35.22
2019.0,POLIO,0.16
2019.0,RUBELLA,3.75
2019.0,TTETANUS,1.47
2019.0,TYPHOID,54.89
2019.0,YFEVER,0.08
2020.0,CRS,0.05
2020.0,DIPHTHERIA,0.6
2020.0,INVASIVE_MENING,25.43
2020.0,JAPENC,0.12
2020.0,MEASLES,23.63
2020.0,MUMPS,48.02
2020.0,NTETANUS,0.01
2020.0,PERTUSSIS,14.71
2020.0,POLIO,0.47
2020.0,RUBELLA,1.82
2020.0,TTETANUS,1.68
2020.0,TYPHOID,304.81
2020.0,YFEVER,0.37
2021.0,CRS,0.03
2021.0,DIPHTHERIA,0.69
2021.0,INVASIVE_MENING,4.89
2021.0,JAPENC,0.07
2021.0,MEASLES,15.15
2021.0,MUMPS,26.28
2021.0,NTETANUS,0.02
2021.0,PERTUSSIS,4.29
2021.0,POLIO,0.21
2021.0,RUBELLA,2.24
2021.0,TTETANUS,1.57
2021.0,TYPHOID,470.42
2021.0,YFEVER,0.18
2022.0,CRS,0.05
2022.0,DIPHTHERIA,0.68
2022.0,INVASIVE_MENING,4.47
2022.0,JAPENC,0.2
2022.0,MEASLES,43.07
2022.0,MUMPS,88.42
2022.0,NTETANUS,0.01
2022.0,PERTUSSIS,5.38
2022.0,POLIO,0.49
2022.0,RUBELLA,3.44
2022.0,TTETANUS,1.34
2022.0,TYPHOID,486.09
2022.0,YFEVER,0.08
2023.0,CRS,0.07
2023.0,DIPHTHERIA,1.8
2023.0,INVASIVE_MENING,2.15
2023.0,JAPENC,0.22
2023.0,MEASLES,81.18
2023.0,MUMPS,203.34
2023.0,NTETANUS,0.03
2023.0,PERTUSSIS,39.51
2023.0,POLIO,0.52
2023.0,RUBELLA,6.59
2023.0,TTETANUS,5.66
2023.0,TYPHOID,670.89
2023.0,YFEVER,0.25
