year,disease,total_reported_cases
1980.0,DIPHTHERIA,97167.0
1980.0,MEASLES,3855586.0
1980.0,NTETANUS,13005.0
1980.0,PERTUSSIS,1968457.0
1980.0,POLIO,52632.0
1980.0,TTETANUS,113961.0
1980.0,YFEVER,144.0
1981.0,DIPHTHERIA,74098.0
1981.0,MEASLES,4080125.0
1981.0,NTETANUS,13286.0
1981.0,PERTUSSIS,1795654.0
1981.0,POLIO,65740.0
1981.0,TTETANUS,105704.0
1981.0,YFEVER,238.0
1982.0,DIPHTHERIA,60043.0
1982.0,MEASLES,3628379.0
1982.0,NTETANUS,18009.0
1982.0,PERTUSSIS,1814207.0
1982.0,POLIO,51634.0
1982.0,TTETANUS,115467.0
1982.0,YFEVER,171.0
1983.0,DIPHTHERIA,49797.0
1983.0,MEASLES,3588438.0
1983.0,NTETANUS,15870.0
1983.0,PERTUSSIS,1362706.0
1983.0,POLIO,39974.0
1983.0,TTETANUS,99102.0
1983.0,YFEVER,793.0
1984.0,DIPHTHERIA,45235.0
1984.0,MEASLES,3028075.0
1984.0,NTETANUS,18483.0
1984.0,PERTUSSIS,1025949.0
1984.0,POLIO,35084.0
1984.0,TTETANUS,89642.0
1984.0,YFEVER,1012.0
1985.0,DIPHTHERIA,42335.0
1985.0,MEASLES,2822189.0
1985.0,NTETANUS,17438.0
1985.0,PERTUSSIS,1007867.0
1985.0,POLIO,38484.0
1985.0,TTETANUS,104586.0
1985.0,YFEVER,138.0
1986.0,DIPHTHERIA,29132.0
1986.0,MEASLES,2080023.0
1986.0,NTETANUS,20395.0
1986.0,PERTUSSIS,835454.0
1986.0,POLIO,32846.0
1986.0,TTETANUS,85894.0
1986.0,YFEVER,1477.0
1987.0,DIPHTHERIA,27754.0
1987.0,MEASLES,1684364.0
1987.0,NTETANUS,18986.0
1987.0,PERTUSSIS,688446.0
1987.0,POLIO,39683.0
1987.0,TTETANUS,75942.0
1987.0,YFEVER,3247.0
1988.0,DIPHTHERIA,31526.0
1988.0,MEASLES,1667784.0
1988.0,NTETANUS,31886.0
1988.0,PERTUSSIS,523602.0
1988.0,POLIO,34617.0
1988.0,TTETANUS,73325.0
1988.0,YFEVER,5344.0
1989.0,DIPHTHERIA,29779.0
1989.0,MEASLES,1822811.0
1989.0,NTETANUS,29065.0
1989.0,PERTUSSIS,596515.0
1989.0,POLIO,26104.0
1989.0,TTETANUS,78700.0
1989.0,YFEVER,3507.0
1990.0,DIPHTHERIA,22134.0
1990.0,MEASLES,1325831.0
1990.0,NTETANUS,25293.0
1990.0,PERTUSSIS,442514.0
1990.0,POLIO,23053.0
1990.0,TTETANUS,64746.0
1990.0,YFEVER,4339.0
1991.0,DIPHTHERIA,24739.0
1991.0,MEASLES,1370650.0
1991.0,NTETANUS,23718.0
1991.0,PERTUSSIS,430515.0
1991.0,POLIO,13274.0
1991.0,TTETANUS,46304.0
1991.0,YFEVER,2712.0
1992.0,DIPHTHERIA,20851.0
1992.0,MEASLES,1481592.0
1992.0,NTETANUS,15829.0
1992.0,PERTUSSIS,255672.0
1992.0,POLIO,15304.0
1992.0,TTETANUS,39946.0
1992.0,YFEVER,295.0
1993.0,DIPHTHERIA,31243.0
1993.0,MEASLES,1144172.0
1993.0,NTETANUS,15985.0
1993.0,PERTUSSIS,237159.0
1993.0,POLIO,10500.0
1993.0,TTETANUS,42568.0
1993.0,YFEVER,410.0
1994.0,DIPHTHERIA,54817.0
1994.0,MEASLES,927437.0
1994.0,NTETANUS,12872.0
1994.0,PERTUSSIS,253831.0
1994.0,POLIO,8666.0
1994.0,TTETANUS,48152.0
1994.0,YFEVER,1440.0
1995.0,DIPHTHERIA,56965.0
1995.0,MEASLES,720453.0
1995.0,NTETANUS,10539.0
1995.0,PERTUSSIS,164989.0
1995.0,POLIO,7043.0
1995.0,TTETANUS,13047.0
1995.0,YFEVER,1219.0
1996.0,DIPHTHERIA,28624.0
1996.0,MEASLES,870748.0
1996.0,NTETANUS,13093.0
1996.0,PERTUSSIS,141443.0
1996.0,POLIO,4070.0
1996.0,TTETANUS,12562.0
1996.0,YFEVER,439.0
1997.0,CRS,33.0
1997.0,DIPHTHERIA,14767.0
1997.0,MEASLES,826553.0
1997.0,NTETANUS,15767.0
1997.0,PERTUSSIS,168249.0
1997.0,POLIO,5186.0
1997.0,RUBELLA,125056.0
1997.0,TTETANUS,23159.0
1997.0,YFEVER,193.0
1998.0,CRS,14.0
1998.0,DIPHTHERIA,7442.0
1998.0,MEASLES,694564.0
1998.0,NTETANUS,16629.0
1998.0,PERTUSSIS,188993.0
1998.0,POLIO,6347.0
1998.0,RUBELLA,130569.0
1998.0,TTETANUS,20479.0
1998.0,YFEVER,309.0
1999.0,CRS,69.0
1999.0,DIPHTHERIA,4810.0
1999.0,MEASLES,752592.0
1999.0,MUMPS,558300.0
1999.0,NTETANUS,10986.0
1999.0,PERTUSSIS,116316.0
1999.0,POLIO,7141.0
1999.0,RUBELLA,875184.0
1999.0,TTETANUS,15964.0
1999.0,YFEVER,216.0
2000.0,CRS,158.0
2000.0,DIPHTHERIA,11625.0
2000.0,MEASLES,853550.0
2000.0,MUMPS,544754.0
2000.0,NTETANUS,17938.0
2000.0,PERTUSSIS,190522.0
2000.0,POLIO,2971.0
2000.0,RUBELLA,673361.0
2000.0,TTETANUS,23729.0
2000.0,YFEVER,699.0
2001.0,CRS,86.0
2001.0,DIPHTHERIA,10725.0
2001.0,MEASLES,849358.0
2001.0,MUMPS,412468.0
2001.0,NTETANUS,14017.0
2001.0,PERTUSSIS,174866.0
2001.0,POLIO,496.0
2001.0,RUBELLA,836395.0
2001.0,TTETANUS,20805.0
2001.0,YFEVER,656.0
2002.0,CRS,41.0
2002.0,DIPHTHERIA,9035.0
2002.0,JAPENC,49.0
2002.0,MEASLES,586471.0
2002.0,MUMPS,487932.0
2002.0,NTETANUS,11633.0
2002.0,PERTUSSIS,135944.0
2002.0,POLIO,1922.0
2002.0,RUBELLA,639747.0
2002.0,TTETANUS,31376.0
2002.0,YFEVER,715.0
2003.0,CRS,116.0
2003.0,DIPHTHERIA,7154.0
2003.0,JAPENC,37.0
2003.0,MEASLES,679899.0
2003.0,MUMPS,334731.0
2003.0,NTETANUS,9043.0
2003.0,PERTUSSIS,116604.0
2003.0,POLIO,784.0
2003.0,RUBELLA,317443.0
2003.0,TTETANUS,14223.0
2003.0,YFEVER,739.0
2004.0,CRS,89.0
2004.0,DIPHTHERIA,10069.0
2004.0,JAPENC,39.0
2004.0,MEASLES,513408.0
2004.0,MUMPS,654285.0
2004.0,NTETANUS,9414.0
2004.0,PERTUSSIS,245377.0
2004.0,POLIO,1256.0
2004.0,RUBELLA,308216.0
2004.0,TTETANUS,13987.0
2004.0,YFEVER,1376.0
2005.0,CRS,41.0
2005.0,DIPHTHERIA,8138.0
2005.0,JAPENC,78.0
2005.0,MEASLES,585701.0
2005.0,MUMPS,619150.0
2005.0,NTETANUS,9848.0
2005.0,PERTUSSIS,152855.0
2005.0,POLIO,2033.0
2005.0,RUBELLA,267984.0
2005.0,TTETANUS,15675.0
2005.0,YFEVER,591.0
2006.0,CRS,64.0
2006.0,DIPHTHERIA,4333.0
2006.0,JAPENC,8040.0
2006.0,MEASLES,377576.0
2006.0,MUMPS,643321.0
2006.0,NTETANUS,8416.0
2006.0,PERTUSSIS,127410.0
2006.0,POLIO,2023.0
2006.0,RUBELLA,250102.0
2006.0,TTETANUS,15305.0
2006.0,YFEVER,358.0
2007.0,CRS,225.0
2007.0,DIPHTHERIA,4642.0
2007.0,JAPENC,9489.0
2007.0,MEASLES,285119.0
2007.0,MUMPS,408118.0
2007.0,NTETANUS,6225.0
2007.0,PERTUSSIS,139559.0
2007.0,POLIO,1390.0
2007.0,RUBELLA,196543.0
2007.0,TTETANUS,20362.0
2007.0,YFEVER,265.0
2008.0,CRS,244.0
2008.0,DIPHTHERIA,4978.0
2008.0,JAPENC,5198.0
2008.0,MEASLES,278824.0
2008.0,MUMPS,537978.0
2008.0,NTETANUS,6635.0
2008.0,PERTUSSIS,148122.0
2008.0,POLIO,1736.0
2008.0,RUBELLA,181076.0
2008.0,TTETANUS,15850.0
2008.0,YFEVER,372.0
2009.0,CRS,161.0
2009.0,DIPHTHERIA,4349.0
2009.0,JAPENC,5163.0
2009.0,MEASLES,278659.0
2009.0,MUMPS,546914.0
2009.0,NTETANUS,5611.0
2009.0,PERTUSSIS,166639.0
2009.0,POLIO,1789.0
2009.0,RUBELLA,121438.0
2009.0,TTETANUS,11982.0
2009.0,YFEVER,136.0
2010.0,CRS,31.0
2010.0,DIPHTHERIA,4603.0
2010.0,JAPENC,3856.0
2010.0,MEASLES,343820.0
2010.0,MUMPS,620218.0
2010.0,NTETANUS,5085.0
2010.0,PERTUSSIS,161299.0
2010.0,POLIO,1412.0
2010.0,RUBELLA,76001.0
2010.0,TTETANUS,11181.0
2010.0,YFEVER,737.0
2011.0,CRS,214.0
2011.0,DIPHTHERIA,5626.0
2011.0,JAPENC,3393.0
2011.0,MEASLES,359347.0
2011.0,MUMPS,727486.0
2011.0,NTETANUS,4295.0
2011.0,PERTUSSIS,173634.0
2011.0,POLIO,717.0
2011.0,RUBELLA,114544.0
2011.0,TTETANUS,12650.0
2011.0,YFEVER,2591.0
2012.0,CRS,305.0
2012.0,DIPHTHERIA,4490.0
2012.0,JAPENC,2354.0
2012.0,MEASLES,212385.0
2012.0,MUMPS,688173.0
2012.0,NTETANUS,4654.0
2012.0,PERTUSSIS,250357.0
2012.0,POLIO,294.0
2012.0,RUBELLA,94327.0
2012.0,TTETANUS,10479.0
2012.0,YFEVER,262.0
2013.0,CRS,134.0
2013.0,DIPHTHERIA,4680.0
2013.0,JAPENC,3877.0
2013.0,MEASLES,275316.0
2013.0,MUMPS,516531.0
2013.0,NTETANUS,4149.0
2013.0,PERTUSSIS,172136.0
2013.0,POLIO,482.0
2013.0,RUBELLA,101206.0
2013.0,TTETANUS,13532.0
2013.0,TYPHOID,19.0
2013.0,YFEVER,294.0
2014.0,CRS,142.0
2014.0,DIPHTHERIA,7774.0
2014.0,JAPENC,4815.0
2014.0,MEASLES,282128.0
2014.0,MUMPS,311692.0
2014.0,NTETANUS,2238.0
2014.0,PERTUSSIS,186515.0
2014.0,POLIO,415.0
2014.0,RUBELLA,33523.0
2014.0,TTETANUS,12531.0
2014.0,TYPHOID,31.0
2014.0,YFEVER,54.0
2015.0,CRS,282.0
2015.0,DIPHTHERIA,4535.0
2015.0,JAPENC,4088.0
2015.0,MEASLES,214826.0
2015.0,MUMPS,385898.0
2015.0,NTETANUS,3580.0
2015.0,PERTUSSIS,156147.0
2015.0,POLIO,106.0
2015.0,RUBELLA,23769.0
2015.0,TTETANUS,10340.0
2015.0,TYPHOID,32.0
2015.0,YFEVER,72.0
2016.0,CRS,369.0
2016.0,DIPHTHERIA,7102.0
2016.0,JAPENC,5401.0
2016.0,MEASLES,132499.0
2016.0,MUMPS,592252.0
2016.0,NTETANUS,1997.0
2016.0,PERTUSSIS,174658.0
2016.0,POLIO,42.0
2016.0,RUBELLA,23423.0
2016.0,TTETANUS,13813.0
2016.0,TYPHOID,35.0
2016.0,YFEVER,1154.0
2017.0,CRS,835.0
2017.0,DIPHTHERIA,8819.0
2017.0,JAPENC,4673.0
2017.0,MEASLES,173532.0
2017.0,MUMPS,563140.0
2017.0,NTETANUS,2266.0
2017.0,PERTUSSIS,163257.0
2017.0,POLIO,118.0
2017.0,RUBELLA,14756.0
2017.0,TTETANUS,12510.0
2017.0,TYPHOID,34.0
2017.0,YFEVER,876.0
2018.0,CRS,449.0
2018.0,DIPHTHERIA,16911.0
2018.0,JAPENC,4402.0
2018.0,MEASLES,360316.0
2018.0,MUMPS,504085.0
2018.0,NTETANUS,1803.0
2018.0,PERTUSSIS,169469.0
2018.0,POLIO,137.0
2018.0,RUBELLA,26045.0
2018.0,TTETANUS,15103.0
2018.0,TYPHOID,7488.0
2018.0,YFEVER,2064.0
2019.0,CRS,425.0
2019.0,DIPHTHERIA,22986.0
2019.0,JAPENC,3712.0
2019.0,MEASLES,873730.0
2019.0,MUMPS,170730.0
2019.0,NTETANUS,2173.0
2019.0,PERTUSSIS,149979.0
2019.0,POLIO,378.0
2019.0,RUBELLA,49307.0
2019.0,TTETANUS,14745.0
2019.0,TYPHOID,148568.0
2019.0,YFEVER,459.0
2020.0,CRS,1252.0
2020.0,DIPHTHERIA,10137.0
2020.0,INVASIVE_MENING,21128.0
2020.0,JAPENC,1532.0
2020.0,MEASLES,160242.0
2020.0,MUMPS,279606.0
2020.0,NTETANUS,2300.0
2020.0,PERTUSSIS,69657.0
2020.0,POLIO,1113.0
2020.0,RUBELLA,10325.0
2020.0,TTETANUS,11897.0
2020.0,TYPHOID,888769.0
2020.0,YFEVER,1139.0
2021.0,CRS,716.0
2021.0,DIPHTHERIA,8659.0
2021.0,INVASIVE_MENING,26062.0
2021.0,JAPENC,988.0
2021.0,MEASLES,123164.0
2021.0,MUMPS,242238.0
2021.0,NTETANUS,4140.0
2021.0,PERTUSSIS,30681.0
2021.0,POLIO,700.0
2021.0,RUBELLA,10023.0
2021.0,TTETANUS,9829.0
2021.0,TYPHOID,1858728.0
2021.0,YFEVER,281.0
2022.0,CRS,1527.0
2022.0,DIPHTHERIA,10018.0
2022.0,INVASIVE_MENING,16331.0
2022.0,JAPENC,1886.0
2022.0,MEASLES,205203.0
2022.0,MUMPS,381333.0
2022.0,NTETANUS,2099.0
2022.0,PERTUSSIS,64342.0
2022.0,POLIO,865.0
2022.0,RUBELLA,17928.0
2022.0,TTETANUS,6706.0
2022.0,TYPHOID,2897175.0
2022.0,YFEVER,217.0
2023.0,CRS,1534.0
2023.0,DIPHTHERIA,24779.0
2023.0,INVASIVE_MENING,5561.0
2023.0,JAPENC,2114.0
2023.0,MEASLES,663838.0
2023.0,MUMPS,385049.0
2023.0,NTETANUS,4585.0
2023.0,PERTUSSIS,159917.0
2023.0,POLIO,538.0
2023.0,RUBELLA,35718.0
2023.0,TTETANUS,21833.0
2023.0,TYPHOID,4583577.0
2023.0,YFEVER,476.0
