year,disease,total_cases
1980.0,DIPHTHERIA,291495.0
1980.0,MEASLES,11560070.0
1980.0,NTETANUS,39015.0
1980.0,PERTUSSIS,5905183.0
1980.0,POLIO,157892.0
1980.0,TTETANUS,341833.0
1980.0,YFEVER,432.0
1981.0,DIPHTHERIA,222294.0
1981.0,MEASLES,12237035.0
1981.0,NTETANUS,39854.0
1981.0,PERTUSSIS,5386640.0
1981.0,POLIO,197214.0
1981.0,TTETANUS,317062.0
1981.0,YFEVER,714.0
1982.0,DIPHTHERIA,180123.0
1982.0,MEASLES,10875895.0
1982.0,NTETANUS,54025.0
1982.0,PERTUSSIS,5442563.0
1982.0,POLIO,154890.0
1982.0,TTETANUS,346347.0
1982.0,YFEVER,513.0
1983.0,DIPHTHERIA,149391.0
1983.0,MEASLES,10760640.0
1983.0,NTETANUS,47610.0
1983.0,PERTUSSIS,4088084.0
1983.0,POLIO,119920.0
1983.0,TTETANUS,297258.0
1983.0,YFEVER,2379.0
1984.0,DIPHTHERIA,135705.0
1984.0,MEASLES,9082021.0
1984.0,NTETANUS,55449.0
1984.0,PERTUSSIS,3077785.0
1984.0,POLIO,105252.0
1984.0,TTETANUS,268816.0
1984.0,YFEVER,3036.0
1985.0,DIPHTHERIA,127005.0
1985.0,MEASLES,8461295.0
1985.0,NTETANUS,52314.0
1985.0,PERTUSSIS,3023531.0
1985.0,POLIO,115450.0
1985.0,TTETANUS,313678.0
1985.0,YFEVER,414.0
1986.0,DIPHTHERIA,87396.0
1986.0,MEASLES,6237415.0
1986.0,NTETANUS,61183.0
1986.0,PERTUSSIS,2506316.0
1986.0,POLIO,98538.0
1986.0,TTETANUS,257612.0
1986.0,YFEVER,4431.0
1987.0,DIPHTHERIA,83262.0
1987.0,MEASLES,5050058.0
1987.0,NTETANUS,56956.0
1987.0,PERTUSSIS,2065328.0
1987.0,POLIO,119049.0
1987.0,TTETANUS,227806.0
1987.0,YFEVER,9741.0
1988.0,DIPHTHERIA,94578.0
1988.0,MEASLES,4995664.0
1988.0,NTETANUS,95658.0
1988.0,PERTUSSIS,1570750.0
1988.0,POLIO,103851.0
1988.0,TTETANUS,219945.0
1988.0,YFEVER,16032.0
1989.0,DIPHTHERIA,89337.0
1989.0,MEASLES,5467591.0
1989.0,NTETANUS,87193.0
1989.0,PERTUSSIS,1789491.0
1989.0,POLIO,78312.0
1989.0,TTETANUS,236086.0
1989.0,YFEVER,10521.0
1990.0,DIPHTHERIA,66400.0
1990.0,MEASLES,3975979.0
1990.0,NTETANUS,75879.0
1990.0,PERTUSSIS,1327498.0
1990.0,POLIO,69159.0
1990.0,TTETANUS,194220.0
1990.0,YFEVER,13017.0
1991.0,DIPHTHERIA,74215.0
1991.0,MEASLES,4111136.0
1991.0,NTETANUS,71152.0
1991.0,PERTUSSIS,1291501.0
1991.0,POLIO,39822.0
1991.0,TTETANUS,138888.0
1991.0,YFEVER,8136.0
1992.0,DIPHTHERIA,62553.0
1992.0,MEASLES,4443976.0
1992.0,NTETANUS,47487.0
1992.0,PERTUSSIS,766660.0
1992.0,POLIO,45912.0
1992.0,TTETANUS,119808.0
1992.0,YFEVER,885.0
1993.0,DIPHTHERIA,93727.0
1993.0,MEASLES,3432062.0
1993.0,NTETANUS,47955.0
1993.0,PERTUSSIS,711425.0
1993.0,POLIO,31500.0
1993.0,TTETANUS,127628.0
1993.0,YFEVER,1230.0
1994.0,DIPHTHERIA,164449.0
1994.0,MEASLES,2781053.0
1994.0,NTETANUS,38616.0
1994.0,PERTUSSIS,761475.0
1994.0,POLIO,25998.0
1994.0,TTETANUS,144324.0
1994.0,YFEVER,4320.0
1995.0,DIPHTHERIA,170895.0
1995.0,MEASLES,2161235.0
1995.0,NTETANUS,31615.0
1995.0,PERTUSSIS,494941.0
1995.0,POLIO,21129.0
1995.0,TTETANUS,39085.0
1995.0,YFEVER,3657.0
1996.0,DIPHTHERIA,85872.0
1996.0,MEASLES,2611184.0
1996.0,NTETANUS,39275.0
1996.0,PERTUSSIS,424121.0
1996.0,POLIO,12210.0
1996.0,TTETANUS,37636.0
1996.0,YFEVER,1317.0
1997.0,CRS,99.0
1997.0,DIPHTHERIA,44301.0
1997.0,MEASLES,2477899.0
1997.0,NTETANUS,47299.0
1997.0,PERTUSSIS,504471.0
1997.0,POLIO,15558.0
1997.0,RUBELLA,375168.0
1997.0,TTETANUS,69449.0
1997.0,YFEVER,579.0
1998.0,CRS,42.0
1998.0,DIPHTHERIA,22324.0
1998.0,MEASLES,2083496.0
1998.0,NTETANUS,49885.0
1998.0,PERTUSSIS,566943.0
1998.0,POLIO,19041.0
1998.0,RUBELLA,391707.0
1998.0,TTETANUS,61417.0
1998.0,YFEVER,927.0
1999.0,CRS,205.0
1999.0,DIPHTHERIA,14430.0
1999.0,MEASLES,2257406.0
1999.0,MUMPS,1674544.0
1999.0,NTETANUS,32956.0
1999.0,PERTUSSIS,348910.0
1999.0,POLIO,21423.0
1999.0,RUBELLA,2625416.0
1999.0,TTETANUS,47866.0
1999.0,YFEVER,648.0
2000.0,CRS,470.0
2000.0,DIPHTHERIA,34875.0
2000.0,MEASLES,2560508.0
2000.0,MUMPS,1632940.0
2000.0,NTETANUS,53808.0
2000.0,PERTUSSIS,571472.0
2000.0,POLIO,8913.0
2000.0,RUBELLA,2015149.0
2000.0,TTETANUS,71151.0
2000.0,YFEVER,2097.0
2001.0,CRS,256.0
2001.0,DIPHTHERIA,32175.0
2001.0,MEASLES,2547704.0
2001.0,MUMPS,1237150.0
2001.0,NTETANUS,42051.0
2001.0,PERTUSSIS,524560.0
2001.0,POLIO,1488.0
2001.0,RUBELLA,2509059.0
2001.0,TTETANUS,62405.0
2001.0,YFEVER,1968.0
2002.0,CRS,123.0
2002.0,DIPHTHERIA,27105.0
2002.0,JAPENC,147.0
2002.0,MEASLES,1759413.0
2002.0,MUMPS,1463796.0
2002.0,NTETANUS,34899.0
2002.0,PERTUSSIS,407832.0
2002.0,POLIO,5766.0
2002.0,RUBELLA,1919241.0
2002.0,TTETANUS,94128.0
2002.0,YFEVER,2145.0
2003.0,CRS,348.0
2003.0,DIPHTHERIA,21462.0
2003.0,JAPENC,111.0
2003.0,MEASLES,2039611.0
2003.0,MUMPS,1003779.0
2003.0,NTETANUS,27129.0
2003.0,PERTUSSIS,349800.0
2003.0,POLIO,2352.0
2003.0,RUBELLA,952273.0
2003.0,TTETANUS,42663.0
2003.0,YFEVER,2217.0
2004.0,CRS,267.0
2004.0,DIPHTHERIA,30207.0
2004.0,JAPENC,117.0
2004.0,MEASLES,1540220.0
2004.0,MUMPS,1962717.0
2004.0,NTETANUS,28242.0
2004.0,PERTUSSIS,736131.0
2004.0,POLIO,3768.0
2004.0,RUBELLA,924642.0
2004.0,TTETANUS,41961.0
2004.0,YFEVER,4128.0
2005.0,CRS,123.0
2005.0,DIPHTHERIA,24412.0
2005.0,JAPENC,234.0
2005.0,MEASLES,1757103.0
2005.0,MUMPS,1857274.0
2005.0,NTETANUS,29544.0
2005.0,PERTUSSIS,458423.0
2005.0,POLIO,6099.0
2005.0,RUBELLA,803950.0
2005.0,TTETANUS,47025.0
2005.0,YFEVER,1773.0
2006.0,CRS,192.0
2006.0,DIPHTHERIA,12999.0
2006.0,JAPENC,24120.0
2006.0,MEASLES,1132728.0
2006.0,MUMPS,1929963.0
2006.0,NTETANUS,25248.0
2006.0,PERTUSSIS,382230.0
2006.0,POLIO,6069.0
2006.0,RUBELLA,750306.0
2006.0,TTETANUS,45915.0
2006.0,YFEVER,1074.0
2007.0,CRS,675.0
2007.0,DIPHTHERIA,13926.0
2007.0,JAPENC,28463.0
2007.0,MEASLES,855181.0
2007.0,MUMPS,1223864.0
2007.0,NTETANUS,18675.0
2007.0,PERTUSSIS,418601.0
2007.0,POLIO,4170.0
2007.0,RUBELLA,589545.0
2007.0,TTETANUS,61084.0
2007.0,YFEVER,795.0
2008.0,CRS,730.0
2008.0,DIPHTHERIA,14934.0
2008.0,JAPENC,15594.0
2008.0,MEASLES,836326.0
2008.0,MUMPS,1613458.0
2008.0,NTETANUS,19905.0
2008.0,PERTUSSIS,444312.0
2008.0,POLIO,5208.0
2008.0,RUBELLA,543134.0
2008.0,TTETANUS,47550.0
2008.0,YFEVER,1116.0
2009.0,CRS,483.0
2009.0,DIPHTHERIA,13047.0
2009.0,JAPENC,15489.0
2009.0,MEASLES,835933.0
2009.0,MUMPS,1640282.0
2009.0,NTETANUS,16833.0
2009.0,PERTUSSIS,499823.0
2009.0,POLIO,5367.0
2009.0,RUBELLA,364194.0
2009.0,TTETANUS,35944.0
2009.0,YFEVER,408.0
2010.0,CRS,93.0
2010.0,DIPHTHERIA,13809.0
2010.0,JAPENC,11568.0
2010.0,MEASLES,1031432.0
2010.0,MUMPS,1858996.0
2010.0,NTETANUS,15255.0
2010.0,PERTUSSIS,483767.0
2010.0,POLIO,4236.0
2010.0,RUBELLA,227923.0
2010.0,TTETANUS,33543.0
2010.0,YFEVER,2211.0
2011.0,CRS,642.0
2011.0,DIPHTHERIA,16878.0
2011.0,JAPENC,10177.0
2011.0,MEASLES,1078011.0
2011.0,MUMPS,2180762.0
2011.0,NTETANUS,12885.0
2011.0,PERTUSSIS,520516.0
2011.0,POLIO,2151.0
2011.0,RUBELLA,343456.0
2011.0,TTETANUS,37948.0
2011.0,YFEVER,7773.0
2012.0,CRS,909.0
2012.0,DIPHTHERIA,13470.0
2012.0,JAPENC,7056.0
2012.0,MEASLES,637137.0
2012.0,MUMPS,2064041.0
2012.0,NTETANUS,13962.0
2012.0,PERTUSSIS,751017.0
2012.0,POLIO,882.0
2012.0,RUBELLA,282881.0
2012.0,TTETANUS,31429.0
2012.0,YFEVER,786.0
2013.0,CRS,402.0
2013.0,DIPHTHERIA,14040.0
2013.0,JAPENC,11619.0
2013.0,MEASLES,825930.0
2013.0,MUMPS,1549163.0
2013.0,NTETANUS,12447.0
2013.0,PERTUSSIS,516354.0
2013.0,POLIO,1446.0
2013.0,RUBELLA,303518.0
2013.0,TTETANUS,40596.0
2013.0,TYPHOID,57.0
2013.0,YFEVER,882.0
2014.0,CRS,426.0
2014.0,DIPHTHERIA,23322.0
2014.0,JAPENC,14435.0
2014.0,MEASLES,846284.0
2014.0,MUMPS,934896.0
2014.0,NTETANUS,6714.0
2014.0,PERTUSSIS,559391.0
2014.0,POLIO,1245.0
2014.0,RUBELLA,100555.0
2014.0,TTETANUS,37593.0
2014.0,TYPHOID,93.0
2014.0,YFEVER,162.0
2015.0,CRS,846.0
2015.0,DIPHTHERIA,13605.0
2015.0,JAPENC,12260.0
2015.0,MEASLES,644442.0
2015.0,MUMPS,1157460.0
2015.0,NTETANUS,10740.0
2015.0,PERTUSSIS,468277.0
2015.0,POLIO,318.0
2015.0,RUBELLA,71289.0
2015.0,TTETANUS,31016.0
2015.0,TYPHOID,96.0
2015.0,YFEVER,216.0
2016.0,CRS,1107.0
2016.0,DIPHTHERIA,21306.0
2016.0,JAPENC,16199.0
2016.0,MEASLES,397479.0
2016.0,MUMPS,1776600.0
2016.0,NTETANUS,5991.0
2016.0,PERTUSSIS,523906.0
2016.0,POLIO,126.0
2016.0,RUBELLA,70261.0
2016.0,TTETANUS,41439.0
2016.0,TYPHOID,105.0
2016.0,YFEVER,3462.0
2017.0,CRS,2505.0
2017.0,DIPHTHERIA,26457.0
2017.0,JAPENC,14009.0
2017.0,MEASLES,520446.0
2017.0,MUMPS,1684708.0
2017.0,NTETANUS,6798.0
2017.0,PERTUSSIS,489317.0
2017.0,POLIO,354.0
2017.0,RUBELLA,44268.0
2017.0,TTETANUS,37528.0
2017.0,TYPHOID,102.0
2017.0,YFEVER,2628.0
2018.0,CRS,1347.0
2018.0,DIPHTHERIA,50733.0
2018.0,JAPENC,13206.0
2018.0,MEASLES,1080908.0
2018.0,MUMPS,1508139.0
2018.0,NTETANUS,5409.0
2018.0,PERTUSSIS,507949.0
2018.0,POLIO,411.0
2018.0,RUBELLA,78111.0
2018.0,TTETANUS,45309.0
2018.0,TYPHOID,22400.0
2018.0,YFEVER,6192.0
2019.0,CRS,1273.0
2019.0,DIPHTHERIA,68958.0
2019.0,JAPENC,11130.0
2019.0,MEASLES,2620476.0
2019.0,MUMPS,510526.0
2019.0,NTETANUS,6519.0
2019.0,PERTUSSIS,449669.0
2019.0,POLIO,1134.0
2019.0,RUBELLA,147665.0
2019.0,TTETANUS,44235.0
2019.0,TYPHOID,445638.0
2019.0,YFEVER,1377.0
2020.0,CRS,3756.0
2020.0,DIPHTHERIA,30411.0
2020.0,INVASIVE_MENING,63380.0
2020.0,JAPENC,4596.0
2020.0,MEASLES,478722.0
2020.0,MUMPS,838146.0
2020.0,NTETANUS,6900.0
2020.0,PERTUSSIS,208867.0
2020.0,POLIO,3339.0
2020.0,RUBELLA,30959.0
2020.0,TTETANUS,35691.0
2020.0,TYPHOID,2666283.0
2020.0,YFEVER,3417.0
2021.0,CRS,2148.0
2021.0,DIPHTHERIA,25977.0
2021.0,INVASIVE_MENING,78180.0
2021.0,JAPENC,2964.0
2021.0,MEASLES,369468.0
2021.0,MUMPS,725722.0
2021.0,NTETANUS,12420.0
2021.0,PERTUSSIS,91485.0
2021.0,POLIO,2100.0
2021.0,RUBELLA,30065.0
2021.0,TTETANUS,29485.0
2021.0,TYPHOID,5576158.0
2021.0,YFEVER,843.0
2022.0,CRS,4581.0
2022.0,DIPHTHERIA,30054.0
2022.0,INVASIVE_MENING,48977.0
2022.0,JAPENC,5658.0
2022.0,MEASLES,615603.0
2022.0,MUMPS,1143391.0
2022.0,NTETANUS,6297.0
2022.0,PERTUSSIS,192968.0
2022.0,POLIO,2595.0
2022.0,RUBELLA,53782.0
2022.0,TTETANUS,20116.0
2022.0,TYPHOID,8691479.0
2022.0,YFEVER,651.0
2023.0,CRS,4602.0
2023.0,DIPHTHERIA,74337.0
2023.0,INVASIVE_MENING,16661.0
2023.0,JAPENC,6342.0
2023.0,MEASLES,1991498.0
2023.0,MUMPS,1154619.0
2023.0,NTETANUS,13755.0
2023.0,PERTUSSIS,479581.0
2023.0,POLIO,1614.0
2023.0,RUBELLA,107146.0
2023.0,TTETANUS,65493.0
2023.0,TYPHOID,13750687.0
2023.0,YFEVER,1428.0
